TGCACCTCGGCTTA	CGATTACAGA	BOK01
TGGCACGTCTCTTA	GTGCAGTCAC	BOK02
TCCAGGAGAAGTTA	CACGAGTATGAG	BOK03
TCCACTAACCGTTA	TACGCTAGTACC	BOK04
CGGCAAGGACCAAC	ATACTAGCGTCGTC	BOK05
TCGAAGCCAAGAAC	GCGTGCATCTAACG	BOK06
TGCCAAGCCATAAC	TCTACTCGACTACCTC	BOK07
CGGCGTATCAAGAC	AGTAGCGTCGTCTGCG	BOK08
CCGATACTATCGAC	CGATTACAGA	BOK09
TCGCTCCGTTGGAC	GTGCAGTCAC	BOK11
CCGATTCGGATTAC	CACGAGTATGAG	BOK12
TGCCATATCCAACC	TACGCTAGTACC	BOK13
TGGATCAGCGTACC	ATACTAGCGTCGTC	BOK14
CCGCCAGATAAGCC	GCGTGCATCTAACG	CRM01
CGCCTCTCGCCGCC	TCTACTCGACTACCTC	CRM02
CCGATCTGCCATCC	AGTAGCGTCGTCTGCG	CRM03
CGGAATGGAACTCC	CGATTACAGA	CRM04
TCGATAGGCGGTCC	GTGCAGTCAC	CRM05
TCCAGTATTATTCC	CACGAGTATGAG	CRM06
CGGCGTTCGCAAGC	TACGCTAGTACC	CRM07
TCCAGGTCCGCAGC	ATACTAGCGTCGTC	CRM08
TGCCGCATGGTAGC	GCGTGCATCTAACG	CRM09
TCCATGCGGTACGC	TCTACTCGACTACCTC	CRM10
CGCCGAATATGCGC	AGTAGCGTCGTCTGCG	CRM11
TCCACATGGTTCGC	CGATTACAGA	CRM12
TCGCTTACGAAGGC	GTGCAGTCAC	CRM13
TCGCATCCGCCGGC	CACGAGTATGAG	CRM14
TCGATTGATTATGC	TACGCTAGTACC	HRM01
CGGCGATTCATTGC	ATACTAGCGTCGTC	HRM02
TCGCTGGTCCAATC	GCGTGCATCTAACG	HRM03
CGCCTCATTGCTTA	TCTACTCGACTACCTC	HRM04
TCCAGAACTGGTTA	AGTAGCGTCGTCTGCG	HRM05
TCCAACTAACTAAC	CGATTACAGA	HRM06
TCGACCAGGTCGCC	GTGCAGTCAC	HRM07
TCGCCTGCTCATCC	CACGAGTATGAG	HRM08
TGCACCATTCAAGC	TACGCTAGTACC	HRM09
TCCATTGAAGCCGC	ATACTAGCGTCGTC	HRM11
CGGAGCCTCTCGGC	GCGTGCATCTAACG	HRM12
TGCCTCAAGCTTGC	TCTACTCGACTACCTC	HRM13
CGGAGGACCTCTTA	AGTAGCGTCGTCTGCG	HRM14
CTCCGAAGAA	CGATTACAGA	HUX01
GGCGGCAG	GTGCAGTCAC	HUX02
ATGAAGCG	CACGAGTATGAG	HUX03
TTACCTAA	TACGCTAGTACC	HUX04
GCATATCA	ATACTAGCGTCGTC	HUX05
GACCGCGA	GCGTGCATCTAACG	HUX06
CCAGTCTA	TCTACTCGACTACCTC	HUX07
TATTGGAC	AGTAGCGTCGTCTGCG	HUX08
ATCGGACCAA	CGATTACAGA	HUX09
TCTACGAG	GTGCAGTCAC	HUX10
AGTTCGCG	CACGAGTATGAG	HUX11
GAAGGTAA	TACGCTAGTACC	HUX12
TCCGCTCA	ATACTAGCGTCGTC	HUX14
ACGTTCGA	GCGTGCATCTAACG	KDN01
ATATAGTA	TCTACTCGACTACCTC	KDN02
CGCTTGAC	AGTAGCGTCGTCTGCG	KDN03
GGTTGAAGAA	CGATTACAGA	KDN04
AACCGGAG	GTGCAGTCAC	KDN05
CATATGCG	CACGAGTATGAG	KDN06
AACGCCAA	TACGCTAGTACC	KDN07
AGCAGTCA	ATACTAGCGTCGTC	KDN08
TATAAGGA	GCGTGCATCTAACG	KDN09
AAGAGGTA	TCTACTCGACTACCTC	KDN10
TAGGCTAC	AGTAGCGTCGTCTGCG	KDN11
TTGGTAAGAA	CGATTACAGA	KDN12
CGATATAG	GTGCAGTCAC	KDN13
GTTGAAGG	CACGAGTATGAG	KDN14
GTCGACCA	TACGCTAGTACC	LLB01
GAGCTTCA	ATACTAGCGTCGTC	LLB02
CTGATGGA	GCGTGCATCTAACG	LLB03
CCGCGTTA	TCTACTCGACTACCTC	LLB04
TAGATCAA	AGTAGCGTCGTCTGCG	LLB05
TGGACCAGAA	CGATTACAGA	LLB06
ACTCTTAG	GTGCAGTCAC	LLB07
TCCTCAGG	CACGAGTATGAG	LLB08
ATAATCCA	TACGCTAGTACC	LLB09
GCGCAAGA	ATACTAGCGTCGTC	LLB10
TGGACTGA	GCGTGCATCTAACG	LLB11
CCTCCAAC	TCTACTCGACTACCTC	LLB12
GTCATTAC	AGTAGCGTCGTCTGCG	LLB13
CATTGACCAA	CGATTACAGA	LLB14
CGGAGACG	GTGCAGTCAC	SCL01
GTCTCGAA	CACGAGTATGAG	SCL02
CGCCTCCA	TACGCTAGTACC	SCL03
AGCTAAGA	ATACTAGCGTCGTC	SCL04
ACTGAATA	GCGTGCATCTAACG	SCL05
TTGCGAAC	TCTACTCGACTACCTC	SCL06
CAACTTAC	AGTAGCGTCGTCTGCG	SCL07
CTGATACCAA	CGATTACAGA	SCL08
TGAGAGAA	GTGCAGTCAC	SCL09
CGTCTAGG	CACGAGTATGAG	SCL10
CGAACGCA	TACGCTAGTACC	SCL11
AATCCAGA	ATACTAGCGTCGTC	SCL12
TAGTAATA	GCGTGCATCTAACG	SCL13
TCTGGCAA	TCTACTCGACTACCTC	SCL14
GATCAACC	AGTAGCGTCGTCTGCG	STW01
CAGTATCC	CGATTACAGA	STW02
AACTCGGC	GTGCAGTCAC	STW03
GTCCGCAGA	CACGAGTATGAG	STW04
TATTACCGA	TACGCTAGTACC	STW05
ATCGCGCAA	ATACTAGCGTCGTC	STW06
CGCTGAGAA	GCGTGCATCTAACG	STW07
CAACTTGAA	TCTACTCGACTACCTC	STW08
AACCGCCAA	AGTAGCGTCGTCTGCG	STW09
ACTACTCC	CGATTACAGA	STW10
CTAACTGC	GTGCAGTCAC	STW11
CCTGGCAGA	CACGAGTATGAG	STW12
CGCGTCCGA	TACGCTAGTACC	STW13
TACTTGCAA	ATACTAGCGTCGTC	STW14
TCCATAGAA	GCGTGCATCTAACG	TMR01
TGAAGCCAA	TCTACTCGACTACCTC	TMR02
TGGACGTAA	AGTAGCGTCGTCTGCG	TMR03
GTTCTCAA	CGATTACAGA	TMR04
ATGCTTGC	GTGCAGTCAC	TMR05
AACTTCAGA	CACGAGTATGAG	TMR06
GACGAGCGA	TACGCTAGTACC	TMR07
CCTTATCAA	ATACTAGCGTCGTC	TMR08
AGGTACCAA	GCGTGCATCTAACG	TMR09
CTTCAATAA	TCTACTCGACTACCTC	TMR10
GCTGCGTAA	AGTAGCGTCGTCTGCG	TMR11
GGACCTCC	CGATTACAGA	TMR12
CGGCAATC	GTGCAGTCAC	TMR13
ACGAAGAGA	CACGAGTATGAG	TMR14
CGTTCGCGA	TACGCTAGTACC	VSG01
GGTACTCAA	ATACTAGCGTCGTC	VSG02
TAGAACGAA	GCGTGCATCTAACG	VSG03
AAGGAATAA	TCTACTCGACTACCTC	VSG04
CTCAGGTAA	AGTAGCGTCGTCTGCG	VSG05
CTCGGTCC	CGATTACAGA	VSG07
CTCTCATC	GTGCAGTCAC	VSG08
GGTCAGAGA	CACGAGTATGAG	VSG09
TCTAGGCGA	TACGCTAGTACC	VSG10
TTACCTCAA	ATACTAGCGTCGTC	VSG11
ACTGACGAA	GCGTGCATCTAACG	VSG14
TTCTCATAA	TCTACTCGACTACCTC	HHT01
TAACGGTAA	AGTAGCGTCGTCTGCG	HHT02
GGCGCAGC	CGATTACAGA	HHT03
GGTTGATC	GTGCAGTCAC	HHT04
CAATGGAGA	CACGAGTATGAG	HHT05
ATGCGGCGA	TACGCTAGTACC	HHT06
ACGAGTCAA	ATACTAGCGTCGTC	HHT07
GGCGCCGAA	GCGTGCATCTAACG	HHT08
GATAGATAA	TCTACTCGACTACCTC	HHT09
GTCAGACCA	AGTAGCGTCGTCTGCG	HHT10
CCATTAGC	CGATTACAGA	HHT11
CATGACTC	GTGCAGTCAC	HHT12
TAAGATAGA	CACGAGTATGAG	HHT13
ATCTATCGA	TACGCTAGTACC	HHT14
GCAGTTCAA	ATACTAGCGTCGTC	KGL01
CCGCGCGAA	GCGTGCATCTAACG	KGL02
CCAGGATAA	TCTACTCGACTACCTC	KGL03
AGACGACCA	AGTAGCGTCGTCTGCG	KGL04
ACGAGTGCGT	CGATTACAGA	KGL05
TCACGTACTA	GTGCAGTCAC	KGL06
ACTACTATGT	CACGAGTATGAG	KGL07
TACGCTGTCT	TACGCTAGTACC	KGL08
AGTCGAGAGA	ATACTAGCGTCGTC	KGL09
TATGCTAGTA	GCGTGCATCTAACG	KGL11
ACGACAGCTC	TCTACTCGACTACCTC	KGL12
CACGTAGATC	AGTAGCGTCGTCTGCG	KGL13
ACGCTCGACA	CGATTACAGA	KGL14
CGTCTAGTAC	GTGCAGTCAC	KOA01
ACTGTACAGT	CACGAGTATGAG	KOA02
TAGTGTAGAT	TACGCTAGTACC	KOA03
AGTGCTACGA	ATACTAGCGTCGTC	KOA04
TCACGCGAGA	GCGTGCATCTAACG	KOA05
ACGTCTCATC	TCTACTCGACTACCTC	KOA06
CACGTGTCGC	AGTAGCGTCGTCTGCG	KOA07
AGACGCACTC	CGATTACAGA	KOA08
TCTACGTAGC	GTGCAGTCAC	KOA09
AGACTATACT	CACGAGTATGAG	KOA10
TCGATCACGT	TACGCTAGTACC	KOA11
CGATCGTATA	ATACTAGCGTCGTC	KOA12
TCGATAGTGA	GCGTGCATCTAACG	KOA13
ACTCATCTAC	TCTACTCGACTACCTC	KOA14
CATACTCTAC	AGTAGCGTCGTCTGCG	KOB01
AGCACTGTAG	CGATTACAGA	KOB02
TGTACTACTC	GTGCAGTCAC	KOB03
AGCGTCGTCT	CACGAGTATGAG	KOB04
TCGCACTAGT	TACGCTAGTACC	KOB05
CGCAGTACGA	ATACTAGCGTCGTC	KOB06
TCGCTGCGTA	GCGTGCATCTAACG	KOB07
ACTCGCGCAC	TCTACTCGACTACCTC	KOB08
CGACACTATC	AGTAGCGTCGTCTGCG	KOB10
ATATCGCGAG	CGATTACAGA	KOB11
ACGACTACAG	GTGCAGTCAC	KOB12
AGTACGCTAT	CACGAGTATGAG	KOB13
TCTAGCGACT	TACGCTAGTACC	KOB15
CGCGTATACA	ATACTAGCGTCGTC	KOC01
TCTGACGTCA	GCGTGCATCTAACG	KOC02
AGAGCGTCAC	TCTACTCGACTACCTC	KOC03
CGAGACGCGC	AGTAGCGTCGTCTGCG	KOC04
CGTGTCTCTA	CGATTACAGA	KOC05
CGTAGACTAG	GTGCAGTCAC	KOC06
ATAGAGTACT	CACGAGTATGAG	KOC07
TCTATACTAT	TACGCTAGTACC	KOC08
CGTACAGTCA	ATACTAGCGTCGTC	KOC09
TGAGTCAGTA	GCGTGCATCTAACG	KOC10
AGCGACTAGC	TCTACTCGACTACCTC	KOC11
CGTATGCGAC	AGTAGCGTCGTCTGCG	KOC12
CTCGCGTGTC	CGATTACAGA	KOC13
TACGAGTATG	GTGCAGTCAC	KOC14_LN2
CACGCTACGT	CACGAGTATGAG	KOC14
TGACGTATGT	TACGCTAGTACC	KOK01
CGTACTCAGA	ATACTAGCGTCGTC	KOK02
TGTAGTGTGA	GCGTGCATCTAACG	KOK03
AGTAGTGATC	TCTACTCGACTACCTC	KOK04
CGTCGATCTC	AGTAGCGTCGTCTGCG	KOK05
TCTCTATGCG	CGATTACAGA	KOK06
TACTCTCGTG	GTGCAGTCAC	KOK07
CAGTAGACGT	CACGAGTATGAG	KOK08
TGTGAGTAGT	TACGCTAGTACC	KOK09
CTACGCTCTA	ATACTAGCGTCGTC	KOK10
TGTCACACGA	GCGTGCATCTAACG	KOK11
AGTGACACAC	TCTACTCGACTACCTC	KOK12
CTACGACTGC	AGTAGCGTCGTCTGCG	KOK13
TGATACGTCT	CGATTACAGA	KOK14
